2	792	166	3647
1	865	2049	1708	45	1726	2420	632	2361	1342
3	322	2339	5832	3373	4124	978	3380	87	1180
4	384	673	792
5
6	1342	386	2021	70	3911	1291	11	4300	1278	1311
7	866	1445	141	433	371
8
9
10
11	1241	6	2182	2214	3399	5609	1708	2447	2513	2840	566	792	665	5850	1726	1311
12
14	3681	3682	3684	3685	3669
15	3669
16	2219	2820
17	2248	4162
18
22	2700
23
24
25
26
27	2019	3843	1352	4169	5128	5870	2479	433	5458	5683
28
30	747
31
35
36
39
41
42	5604	4560	507	1982	2975
43
44	1922	2007	1311
45	1	5260	4124	2078	1311	1952	4769	3498	2603	3632	3647	322	3911	4808	4300	3535	978	87	4974	4472
46	1312	1099	1100	1103	3567	433	1105	792
49
52
54
55	2880	2219	2820
56
57	2767
58
60	2820
61	2678
73	4117
74	276
76	141
81
82
83
84
86
87	3	3397	45	1999	1967	5821
89
90
92
96	1342
98	1529
99	2820	141	2447	3471	2961	19	5527	1311	4769	291	2339	166	4265	2602	3372	3373	3246	303	1971	5433	3647	2625	2627	2628	2629	4169	1237	2903	1501	4191	4321	356	1253	1892	2791	5476	5604	3565	3826	4084	1911	2043
101
102
104	2722
106
107	2219
108
121	2669	1342
127
133	271
139	1311
140
142
154	5571	3565
159
164	944	554	1903
177	1342	865	3567	3669	1982
181	2219	2820
185	3565
187
188
195
202
206	1311
208
212
221	358
222
227
231	3681	3682	3684	3685	3669	792	2975
232
235
257
265	2528
269
270	1632	866	1603	1352	1707	1708	1726	1103	1872	1105	19	1268	1817	1911	792	1145	1630
272
273	2633
281
285
291	99
311
314	554	271
317
345
357	3404
360	433
377
382
386	2625	2627	2629	6	433	19	1501
392
399
403
407	3669	1967
425
442	1946	2339	4265	433	4407	3272	3669	4565	4572	4444	2910	3681	3682	4577	3684	3685	4457	3826	2295
445	433	271
447
453	792	2508	1076
455	433
466
472
483	2820	686
495
498	784	866	1268	3669
500	2961	3594	2339
501	1287
506	1674	1291	1903	1648	1999	1523	1114	2140
524
528
529
539	2219	2820
552
586
590	2820	3669
595
607	1603
632	1	678
637
655
663
689	978	1522	1268	3094	1982
733
739	944
783	1726
821
842	1059	19	3669	3129
852
865	1	2049	2178	3842	5121	5125	4618	1294	1167	1808	2321	2830	1557	792	2840	4640	1316	4005	4644	1322	5546	1708	1711	4655	177	5040	3379	4916	2229	4792	1982	1726	3392	4799	3911	4556	1999	3663	3959	4946	4565	2647	3801	730	4444	4572	4830	4321	4577	4578	4579	1765	4599	4583	4584	4586	4587	5100	4589	4590	4591	1648	4592	4593	4594	5103	4597	1911	2043	4220	4093
970
1012	1342	2447
1013
1094
1122	2820
1161	2182	2665	2666	2667	1708	2521	5625	2645	1401	1501	1982
1177
1205
1241	11	1612	1726	2019
1276	3681	3682	3685	3669	1311
1277	2042
1278	3681	3682	3364	3684	6	2823	3400	3685	3722	5457	1971	3669	4407	2840	1982	3647
1311	6	5640	1801	1674	11	139	1291	5392	5009	5654	5415	2473	1322	2219	44	45	1708	2606	5550	1342	830	961	5698	1994	1611	206	1999	4560	5455	5590	1114	986	2140	99	2147	1903	1523	5495	2296	1145	1276
1312	792	1345	46
1322	2565	3205	1941	2454	2841	2463	1311	2465	166	3246	1971	3125	1982	3647	70	4169	1747	1876	2645	2646	2647	2903	1625	3669	2779	4191	3296	865	3169	3681	3682	3684	3685	4321	2670	2931
1325	1342
1328
1335	3668	741
1342	1	1541	6	2188	1294	20	2197	279	1688	1815	2078	1311	32	2211	1833	2473	2603	1325	816	177	3632	830	3647	324	2118	2246	2248	1355	1486	2126	3669	2007	1757	2141	96	3681	2147	2280	746	1515	1648	1012	1908	1784	121
1345	2182	2823	5387	1294	2318	2903	792	1817	1312	2214	4265	2602	1713	1971	2617	1338	2619	1468	2621	1726	830	2623	1603	1611	4300	2644	2645	2646	2647	2648	2521	2649	2650	2651	1501	2652	2653	2654	2657	4321	3684	3685	2662	2663	2665	2666	2667	1525	2682	2683
1348
1355	2049	2914	2531	1707	1291	2955	3276	2961	1747	1971	2547	2549	1911	1501	1342
1405
1445	1711	1603	7
1466
1499
1513	2192
1515	1342
1522	1922	4265	689	1971	2635	4565	4572	4444	1501	4577	4578	4579	4590	4591	4592	4593	4594	2165	4597
1523	506	1311
1542	1801	1291	1711	1808	1566
1572	1626	1747	1660
1577
1611	3392	1345	322	2721	4742	3911	3632	3729	1311
1632	792	270
1644	1971	3669
1645	792	1808	1610	4300
1648	865	2147	1291	1617	506	1501	1342
1656	3033
1669
1682
1704
1707	1355	3669	270
1708	1	865	1161	11	270	1311
1726	1	865	1345	1668	1922	166	11	270	783	1712	1876	1815	376	1241	507	1982
1757	2513	2514	1971	2516	1845	2840	3669	2520	1342
1765	4608	2563	4612	5123	5124	2567	2568	2569	4618	4619	5125	2574	2575	2577	2578	19	2068	2585	4644	5604	2602	3115	4652	4653	4654	4655	4657	2611	5683	2614	2615	2616	2617	3129	4667	2633	5103	4686	2639	4688	2642	2643	2644	3669	2646	2648	2649	2650	5212	3165	1630	4702	3681	3682	4599	3684	3685	4706	2663	4707	5223	4715	4725	4728	2686	2692	4744	2702	4753	4762	5274	4767	2722	4777	4779	3246	3764	4808	5328	3295	4328	5378	5379	5380	2824	5387	5397	2840	4895	5407	2339	3364	5411	2872	4415	3393	4930	3400	4936	5448	1872	4946	4437	4444	865	4971	366	2931	3959	1919	4995	5512	5005	5533	2465	1956	1971	2489	1982	2497	2498	5057	5058	3526	2513	2514	2515	2516	2517	2518	2519	2520	2521	4565	4059	4570	4572	4577	4578	2019	2531	2021	4579	4580	4583	4584	2538	4586	4587	4588	4589	2543	2544	4079	4590	2547	2548	2549	4591	4592	4593	4594	4595	2043	4597	4605
1770	4612	4618	4644	4654	4655	4658	4565	3669	4444	4572	4577	4578	4579	4580	4583	4584	4586	4587	4588	4589	4590	4591	4592	4593	4594	4595	4597	4599
1815	1726	1342
1854	2635	2508	1911
1876	1322	1726
1894
1899
1908	3337	1688	2841	3996	2593	166	2862	5551	1845	1342	2627	2628	2629	3142	4549	3912	1501	3431	5101	5105	5106	5361	5108	5109	5110	5111	2942
1922	1674	1291	44	1522	1726
1939	1864
1982	2049	2822	1161	1294	2447	3729	3219	2204	3614	1787	2722	2339	1701	42	1322	2603	3498	177	689	2996	2229	2488	2489	3644	2877	1726	3392	2625	322	2627	324	2628	2118	2629	2248	3265	1486	1999	2766	3669	2779	1501	3037	3295	865	3681	2147	740	1765	3682	3684	2280	3685	3307	2295	2043	1278
1988	2214
1999	3457	5114	5121	5379	2822	5510	5386	2447	5391	5395	5396	5527	2844	2975	1311	5153	4900	5414	5417	3127	1982	3647	5438	5067	1998	5072	1747	2899	3669	3414	2903	87	2904	3033	4057	4444	4565	4572	865	3681	3682	3684	3685	4577	4578	4579	4583	4584	4586	5101	4974	5105	5106	5108	5109	5110	5111	5112	5113	506
2000
2021	2049	2563	6	2567	2568	2569	2574	2575	2577	2578	19	2579	2580	2585	2586	2594	2602	2614	2615	2616	2617	2618	2623	3669	3681	3682	3684	3685	3710	3711	3712	3713	3714	3715	3716	3717	2182	3718	3719	3720	2213	2214	1720	1765	3307	2829	2318	5417	3380	2375	2386	5512	2955	2454	2463	2481	1971	2489	2497	2498	2513	2514	2515	2516	2517	2518	2519	2520	2521	2531	2538	2543	2544	2547	2548	2549	2550	2552	2043
2049	1	865	2021	1355	1686	1982
2076
2077	4605
2078	5121	5123	4612	5124	5125	4618	5130	5131	5133	5138	5139	5140	5141	5601	5143	5093	5145	5147	5148	5151	4650	4652	45	4653	4654	4655	4657	4658	5098	5170	5177	5100	5180	5183	5184	5101	5188	4677	5192	5195	5196	5198	5202	5205	5208	5210	5212	5219	5220	5221	5226	5227	5230	5231	5232	5233	5234	5111	5235	5236	5237	5238	5112	5239	5240	5241	5242	5113	5244	5245	5247	5248	5249	5250	5251	5253	5115	5256	5257	5261	5264	5117	5268	5118	4247	665	5274	2204	5276	5280	5281	5282	5283	5284	5285	5286	5287	5288	5289	2218	5292	5293	5294	5295	5296	5298	5299	3764	5301	5302	5307	5308	5309	5312	5313	5314	1232	4818	4819	4820	4821	4822	4823	5337	5338	5343	5374	4874	4875	4876	5386	5390	5391	4897	4900	4905	4924	4925	1342	4930	4936	4444	2926	4975	4976	4977	4978	4979	4980	4981	4986	4990	4991	4992	2447	914	4498	5014	5015	5016	5017	5018	5019	5020	5021	5022	5023	5024	4514	4525	5055	5056	5057	5058	5061	5062	5067	4556	4557	5068	5069	5072	5074	5075	5076	4565	5077	5078	5079	5080	5081	5082	4572	4573	4574	4575	5084	4577	4578	4579	4580	5085	5089	4583	4584	5090	4586	4587	4588	4589	4590	4591	4592	5097	4594	4595	5099	4597	4598	4599	5103	5104	5105	5106	5108	5109	5110
2095
2126	2625	2627	2628	2629	2214	19	2229	1501	1342
2128
2129	2722	2515
2167	2280	2118	322	1294
2197	1342
2205	2182	3722	2955	2447	1971	4084	3669	1787
2219	2056	522	16	539	1060	1585	3636	3125	55	592	594	1624	602	3165	2659	614	107	3190	3191	3722	1167	3219	2716	160	674	2722	2731	3246	1712	181	702	3265	2759	3272	1250	740	3302	3305	3307	2806	2295	254	2824	2314	2830	2840	1311	3359	3360	2361	3390	335	2895	348	3425	4972	366	883	2420	379	2942	2447	2963	2454	3479	3480	3481	3482	3483	3484	2463	3488	2465	3489	3490	3491	3492	2471	3495	3496	2481	2993	1971	2488	2489	2490	2491	2492	2493	2494	463	3545	1501	3042	3043	2026	3050	2043
2248	3205	3338	4365	17	5650	531	2840	5407	3364	2728	3624	3115	4779	1712	3377	1971	2872	2745	3129	1982	1342	1217	2497	2625	2627	2628	2629	4290	3272	4294	4298	4936	2508	4816	1747	3669	4444	1501	1630	4191	4448	4835	5478	4713	1004	3692	1520	2033	4347
2255	344	2229
2274	4618	4597	4599
2293
2339	3	5379	3205	2950	5509	5637	1291	2447	3732	3478	5782	2841	4506	3486	3488	3493	2343	5037	1971	3379	442	3005	1982	5823	3265	3649	3524	2885	4807	3272	1353	3400	2635	4297	4945	3669	3416	4057	4319	2017	3681	99	3682	1765	3684	3685	5478	3307	2669	2670	4975	4976	4977	4978	4979	500	4980	4981	5746	4989
2361	1	2219	2390
2406
2420	1	2219
2433	4472
2588	4358	3115	3755	2869	3669	2295	507	3390
2603	1342	3681	3682	3684	3685	5512	45	2447	1971	2452	3669	2903	3000	1982
2656	2659	1971	2910	2935
2676
2706
2779	3457	4005	1322	3092	3669	2840	1982	3647
2975	42	1999	3647	231
3251
3295	1765	4007	3399	3307	1982
3345	3364
3380	4448	4960	5057	3	5379	2021	5478	4779	5101	2447	5105	19	5108	5303	2745	5212
3454	5348	166	1448	5354	5291	4723	1431	5115	3996	1533
3498	45	2606	1114	2140	1982
3644	4740	166	2606	4407	1982	4415	4416	1232	4444	4448	4325	4457	4458	5101	4206	5105	5106	5111	5108	4469	5109	5110	507
3647	2	5379	5640	1294	2975	2473	1322	45	5550	5681	5563	1342	4808	3276	1999	4432	4560	3669	5465	2779	99	2147	5610	4207	3826	4466	5622	4093	1278
3754
3801	865	2147	5509	5457	2840	5050
3842	5120	865	5604	5509	5510	3276	5619	5620	5621	5622	1851	5660	5438	5791
3911	5378	5253	6	4105	3996	5533	5662	5535	5536	5537	5291	45	1971	1611	3669	4437	5207	4057	865	4195	5219	5348	5610	5617	5618	4723	5619	5620	5621	3063	5622	5369	5370	5630
4093	5125	4619	5134	5139	534	1569	5163	3647	4169	4172	5211	3165	4195	4723	5111	3701	5251	5252	5623	4744	5624	4246	166	1705	4265	4779	5291	1709	5303	4799	1217	4294	737	5348	5353	5355	4843	3309	4349	5380	4358	5387	1307	4892	4895	4900	3880	308	4437	865	4968	3439	3440	4469	5497	5500	3457	5510	4498	5011	4503	3996	5533	5023	3537	1493	5093	2536	5610	5100	5101	5105	5106	5618	5620	5108	5109	5110	5619	5621	5622	5629
4124	3	5547	45	3111
4207	4769	4619	1493	4985	3647
4373	4612	4618	4640	4644	4648	4654	4655	4658	4659	4548	4565	4566	4570	4572	4444	4577	4578	4579	4580	4583	4584	4586	4587	4588	4589	4590	4591	4592	4593	4594	4595	4597	4599
4472	2433	5378	5392	5145	5147	5148	5533	5411	45	2606	5037	4659	2487	5055	4799	5060	5448	5067	5068	5069	3668	1114	2147	5604	5097	5101	5105	5106	5111	5108	5109	5110	4599	5112	5113	5243	4989
4766	4779	4909
4830	865
5325
5389	2147
5412
5414	2447	4195	5533	1999
5420
5429
5534	5537	5538	5535
5584	5533
5802
5832	3	5547
105
109
112	141
118	2885
128	2820
129
160	2219	2820
166	2	99	3454	1322	2447	2448	1908	2581	4438	4123	3644	4093	1726
362
416	3373
477
484	2360
592	2219
594	2802	2219	2820	917
611
614	2219	2820
618
692	792	3246	855
704
718
792	2	4	11	270	527	1299	918	1312	1697	46	686	307	692	320	1217	1345	453	1237	986	1632	865	866	994	231	1645	1262
3326
4501
5507	2932
5806
179
230
322	2688	3457	3585	3	5379	2447	2961	19	45	5303	1982	5061	1611	5457	1237	5478	2164	2167	2811	4605
358	221
400
978	3393	5633	3	5478	45	2447	944	689	3669
1180	3
3373	416	99	3	3469	2447	4186
20	1342
33
48
53
64
151
243
280
313
384	4
427
499
673	4
868	1034
895
1206
1217	792	4093	2248
1619
1947
2098
2151	1501
2296	2463	2465	2466	1311
2419
2937
3136
3624	2248	2877
4761
4923
5404
70	4100	6	1322	203	1674	3276	2840
135
219
229
241	1805
482
511	3669
624	1401	1114
647	3669
816	5430	3669	1342	2447
897	1566
1291	1922	2339	6	1542	2473	1355	1648	2007	506	830	1311
1581
1787	4609	3208	2508	3959	2205	1982	4799
2140	3498	4300	3632	3669	506	1311
2141	3669	1342
2473	1291	3565	3647	5430	1145	1342	1311
3063	3911
3734
4300	320	1345	1058	2147	5273	6	1958	3788	45	1645	2606	5392	1681	3473	1145	1114	2140
21
38
40
65
66
80
85
88
91
94
97
100
114	3775
115
117
123
137
141	162	99	7	76	112
146	1617	1738	1615
147
150
155
157
162	2820	141
165
168	2820
169
171
172
174
184
189
193
196	2822
201
204	2820
210
215
233
244
246
254	2219
255
271	314	283	133	445
275
283	271
287
306
312
315
319
326
329
339	2820
344	4043	2255
347	2820
354
366	866	2219	1765
371	393	404	327	7
378
379	2219
380
385
390
401
408
410
421
426
433	386	7	360	455	46	373	405	442	27	445
434
441
450
459
494
508
509
512
544
553
576
580
581
599
600
603
610	944
615
616
626
669
685
693	3524	2303
713
752
798	2820
838
841
866	867	199	7	366	270	498	792
891	2820
905
908
923
924
971
994	792
1001
1058	4300	5430
1126
1164
1183
1228
1294	3328	4752	19	3225	3760	2611	4028	1982	1342	3647	1345	3272	1747	3669	3296	865	3681	4195	3685	3302	3305	4079	2167
1295
1371
1386
1483
1553
1586	3669
1620
1641
1657
1743
1813
1937
1998	1595	1999
2050
2127	2447
2158	2162
2184	3379
2244
2271
2329	3812	2385	3122	2586	2429
2348	5477	3669	2375
2355
2482
2886
2985
3094	689	3669
4855
5335
5336
5339	5383
19	386	388	4747	270	1294	3761	5427	3380	4278	4280	4922	1595	2111	322	3779	842	2126	3168	99	2788	1765	2021	2802	4084
13
122
161
303	99	2447
429	428	3669
452	473
454
479
507	1316	42	3669	3959	3644	2588	1726
551
554	314	164
565
566	11	3669
572
579
659
665	11	4742	2078
670	1105	1099	2111	1103
701
702	2219	2820
711
725
735	2820
751
822	2820
847
870
1004	2248
1088
1182
1186
1353	2339
1370
1485
1491
1495
1550
1630	2248	1765	270
1699	3899	4133	1711
1709	4093
1712	2248	2219	2245	1726
1749
1788
1841	2489
1845	1908	1757
1857
1864	1939
1865
1871	3669
1877	4808
1878
1892	99	1911
1941	1322
1945
1946	5320	442	2877	4367
1952	45
1960
1965
1968
1970
1984
2002	3946
2017	2528	2339
2025
2061
2111	19	670
2147	3681	3682	3684	3685	1926	1801	4300	3647	5389	1648	830	3632	1982	3669	4472	3801	1342	1311
2160
2174
2177
2182	1345	2021	1161	11	1457	2205
2214	1345	1988	2021	11	2126
2262
2343	2339
2362
2370
2447	2818	5380	11	2443	5270	4122	2205	2078	2339	166	5414	3752	2219	2603	3373	303	816	2096	3380	1982	322	3524	2118	4808	1999	2127	978	2903	3419	4834	99	2280	2802	1012	2425	3708
2461
2501	1501
2503
2505
2513	1765	11	1757	2021
2535
2553
2561
2564
2728	2248
2783
2840	3457	3078	11	2963	4122	2219	2993	3639	2877	70	2248	3669	3801	218	2779	2781	1757	865	3425	1765	3815	2670	3443	3581	1278
2902
2903	1345	2593	99	1322	2603	2447	1999
2965	3265
3054
3118
3151
3333
3362
3381
3392	3648	865	3524	4265	4617	1611	4430	373	1982
3399	11	3295
3410
3471	99	460
3524	3392	2339	2447	3986	693
3550
3554
3567	2080	177	46
3574	4259	4005	4169	4265	4619	4556	1493
3846	3478
4045
4154	2606
4156	4503
4181
4217
4275
4299
4428	4440	4556
4445	3202	5764	5383	5775	5778	5151	2854	5683	5046	5177	4948	5596	5852	5853	5854	5097	3313	5748	4469	5749	5751	5752	5750
4519
5609	11	2118
5790
5794
5849
5850	11
5861
51
67
71
200	1897
258
1411
2094	3669
336
1237	792	322	99	4808
1814	2702
2784	4609	3669
3669	1541	14	15	2066	3094	2588	2593	2603	2094	1586	566	3647	590	1625	2140	2141	2147	1644	2678	3711	3712	3713	3714	3715	3716	3717	647	3729	5270	3737	2205	2215	1707	177	2248	2779	1757	4317	2784	1765	231	3303	1770	1276	1278	2303	1795	1294	2840	2339	1322	2348	816	1840	307	1342	324	1860	3911	842	1871	1903	2954	407	3996	429	948	442	1982	961	1486	1999	978	2021	3047	2024	498	2546	507	511
3681	3712	3713	3714	3715	3716	3717	3718	3719	3720	14	1294	2593	2339	1322	2603	442	1342	1982	2303	1999	2147	1765	2021	231	1903	1276	1278	3711
3682	3712	3713	3714	3715	3716	3717	3718	3719	3720	14	2593	2339	1322	2603	442	1982	2303	1999	2147	1765	2021	231	1903	1276	1278	3711
3684	3712	3713	3714	3715	3716	3717	3718	3719	3720	14	2593	2339	1322	2603	442	1982	1345	2303	1999	2147	1765	2021	231	1278	3711
3685	3712	3713	3714	3715	3716	3717	3718	3719	3720	14	1294	2593	2339	1322	2603	442	1982	1345	2303	1999	2147	1765	2021	231	1276	1278	3711
3709
286
627
695	2820
864
2820	128	1282	1156	2056	522	1292	16	787	404	1304	537	539	798	160	162	423	168	2088	813	558	1327	2864	181	822	55	695	60	957	702	1728	2626	1604	204	588	590	335	463	593	594	339	717	1747	854	1624	1497	218	347	348	988	1629	223	735	1122	99	483	614	742	234	491	748	883	249	1658	891	2814
218	2840	2820
245
428	424	388	429
451
467
578
737	4093
761
4162	17	4961	5274	4153
50
192
224
488
646
901
1178
1179
1917
2766	4084	1982
324	1982	3669	1342
388	424	19	428
585
604	747
746	4369	1342
748	747	2820
1486	1342	1801	4265	3669	1982
1575
1595	4240	19	1998
1686	2049
1701	1982
1764	4213
1784	1342
1833	1342
2033	2248	2043	4084
2118	1342	5609	2447	1747	2963	2167	5533	1982
2145
2280	588	2508	2447	2161	1982	2167	2043	1501	1342
2472
2581	2824	2605	166	2582
2708
2756
2788	19
2802	594	19	2447
2883
2885	2339	4651	4556	4398	118	3959	4538
2980
3122	2329
3165	4093	2219	1765	3622
3168	19
3182
3267
3357	3364
3584
3628	2303
3671	4609
3752	5478	2447
3760	4444	1294
3761	19
3779	19
3839	4320	4265	4319
3904
4084	99	5512	4169	2766	2033	19	3578	2205
4231	4186
4278	19
4280	19	5550
4485
4503	4930	4936	3504	3379	4156	4093
4669	5195
4702	4609	4549	1765	4713	3341	4495	4605
4747	5192	19
4922	4945	19
4934	4169	5049	5135
5427	19	5476
640
740	2219	1982
764	1105	1099	1103
1818
1940
2081
2083
335	2219	2820
37
148
217	4490
263
289
308	4093
372
437	3747	765
744
789
851
1132
1801	2336	2147	1542	1486	2007	1690	1311
2700	22	5159
2571
4116	4265	4482	4353
584
674	2219
1805	241	1885
3041	4265
3379	865	2593	2339	5476	2184	5387	5679	4945	1874	3442	4503	3417	5692	4509
3729	5637	1611	5550	1971	3669	5303	1982
4522	4617	4339	373
5356
5472
5798
5859
5868
47
59
69
207
209
228
332
341
348	2219	2820
351
376	1726
397
419
489
755
796
832
833
854	2888	2820
860
883	2219	2820
910
935
936
990
1050
1055
1072
1073
1096
1097
1248
1254
1255
1259
1265
1274
1288
1297
1298
1307	4093
1315
1320
1321
1341
1352	1227	27	1212	270
1363
1364
1372
1375
1384
1390
1392
1395
1397
1398
1399
1403
1404
1408
1409
1410
1417
1418
1420
1421
1427
1432
1436
1440
1441
1442
1444
1450
1455
1456
1463
1464
1473
1475
1481
1492
1497	2820
1498
1502
1505
1506
1510
1516
1518
1519
1520	2248	1711
1538
1551
1554
1558
1562
1570
1582
1584
1596
1600
1601
1604	2820	5023
1605
1607
1608
1609
1610	1645
1612	1241
1627
1633
1646
1649
1654
1664
1675
1676
1679
1687
1688	1908	1342
1689
1696
1710
1720	2021
1736
1739
1741
1750
1751
1752
1755
1761
1763
1767
1769
1778
1789
1791
1793
1812
1824
1834
1839
1849
1852
1853
1855
1862
1867
1873
1881
1883
1888
1893
1906
1912
1913
1914
1915
1919	1872	1765
1925
1926	2147
1928
1932
1933
1936
1938
1948
1958	4300
1959
1979
1983
1993
2006
2019	1241	27	1765
2024	3669
2028
2040
2042	1277
2062
2063	2993	2931	2963	5245
2070
2071
2074
2082
2085	2055
2123
2125
2130
2136
2143
2144
2168
2200
2201
2217
2251
2254
2256	2385	2429
2264
2265	3199
2266
2267
2285	3037
2286
2292
2308
2311
2330
2341
2344
2349
2359
2364
2379
2382
2383
2384
2397
2399
2400
2401
2404
2413
2414	4315
2425	2447
2430
2431
2432
2444
2445
2455
2458
2462
2470
2475
2476
2477
2479	27
2480
2487	4472	2186	2531
2496
2500
2506
2510
2524
2526
2533
2540
2541
2542
2546	3425	3669	5270	4655
2555
2559
2560
2562
2592
2593	3681	3682	5122	3684	3685	3379	1971	1908	885	2903	3669
2598
2599
2600
2608
2632
2636	2569	2574	2575	2577	2471	2602	2611	2614	2615	2616	2617	2490	2491	2492	2493	2494	2619	2620	2621	2622	2623	2634	2639	2640	2515	2644	2645	2518	2646	2647	2521	2648	2649	2650	2651	2652	2653	2654
2655
2660
2668
2670	3074	2339	2791	1322	2678	2840
2671	2731	4213
2711
2713
2716	2219
2717
2719	2878
2721	1611
2724
2729
2730
2733
2735
2741
2747
2762
2763
2764
2773
2778
2787
2815
2842
2852
2870
2871
2890
2904	1999
2911
2912
2916
2919
2921
2922
2924
2925
2928
2929
2941
2944	430
2945
2957
2964
2973
2976	2295
2986
2988
2998
3001
3029
3036
3039
3040
3044
3047	3669
3051
3052
3058
3062
3071
3088
3089
3096
3103
3105	3265
3108
3109
3110
3111	4124
3112
3131
3132
3140	3497
3141
3143
3144
3145
3146
3159
3160
3174
3198
3201
3202	3161	4445
3206
3215
3216
3217
3228
3232
3236
3237
3248
3256
3257
3260
3266
3291
3292
3293
3311
3314
3322
3335
3340
3341	5581	4702
3342
3352
3353
3354
3355
3363
3374
3375
3376
3385
3386
3406
3407
3413	2356	1158
3416	2339
3421
3431	4136	3722	1908
3433
3434
3435
3441
3442	3379
3453
3458
3459
3462
3503
3504	3529	4503
3513
3514
3520
3532
3540
3541
3542
3543
3544
3557
3558
3559
3560
3561
3573
3588
3591
3602
3615
3616
3617
3618
3621
3642
3643	4990
3645
3660
3664
3665
3666
3667
3668	4472	1335
3675	5026
3679
3683
3692	2248
3697
3698
3699
3728
3730
3731
3733
3735
3742
3743
3758
3759
3762
3783
3785
3813
3829
3830
3831
3843	27
3875
3902
3912	1908
3914
3915
3925
3933
3939
3953
3970
3984
3985
3986	3524
3987
3988
4000
4001
4011
4014
4023
4034
4038
4048
4057	2339	3911	1999
4125
4129
4135
4136	5359	3431
4138
4140
4149
4169	99	4934	4167	4123	1322	4084	3574	27	4093
4190
4199
4210
4216
4236
4249
4258
4264
4276
4279
4288
4296
4339	4522
4349	4464	4093
4350
4351
4361
4372
4376
4378
4397
4402
4413
4414	5417
4424	4184	4444
4429
4431
4434
4455
4466	3647
4467	4532
4468
4474
4512
4517
4523
4551
4552
4553
4555
4556	865	4546	2885	3820	4172	4428	3574	4122	4028	2078
4582
4585
4620
4678
4682
4683
4698
4701
4710
4730
4731
4732
4736
4746
4753	4755	1765
4763
4768	3571
4770
4773
4774
4786
4787
4792	865	4794
4798
4804
4833
4851
4881
4882
4892	4889	4093
4927
4928
4929
4933
4952
4953
4954
4965
4982
4999
5000
5004
5039
5042
5043
5044
5045
5048
5049	4934
5063
5064
5119
5128	27
5135	5622	4934
5137
5144
5155
5156
5163	4093
5164
5173
5181
5182
5201
5258
5259
5319
5340
5375
5381
5382
5399
5407	2248	1765	4808
5408
5409
5441
5442
5457	3801	322	5445	1278
5458	5497	27
5469
5470
5481
5483
5493
5497	5458	4093
5501
5506
5515	5511
5520
5548
5549
5592
5594
5595
5603
5608
5641
5642
5661
5667
5675
5676
5683	1765	5320	5674	5706	5585	5686	27	4445
5696
5697
5706	5683
5712
5713	3276
5721
5730
5732
5733
5744
5745
5755
5758
5762
5763
5767
5768
5769
5771
5774
5780
5796
5797
5801
5803
5804
5805
5808
5809
5810
5811
5816
5825
5830
5841
5856
5857
5858
5860
5869
5870	27
5872
5874
5875
5880
5881
29
34
461
638
1188
1400
1402
1514
1700
1703
1716
1729
1776
1786
1790
1799
1848
1997
3378
3519
32	1342
262
771
2954	3701	3669
259
587
747	604	748	30
802
62
63
77
103
110
111
113
119
124
125
130
136
163
194
226
318
333
678	632
819
1279
1336	1346	2303
1343
1358
1373
1380
1394
1435
1448	3454
1458
1465
1470
1548	1711
1590
1840	2385	2452	3669
1995
2687
2749	5383
3349
3370
3390	2219	2588
3403
4510	1504
4546	4609	4612	4618	4644	4556	4687	4565	4444	4572	4577	4578	4579	4580	4583	4584	4586	4587	4589	4590	4591	4592	4593	4594	4595	4597	4599
5851
138
274
276	74
279	1342
396
648
365
412
414
3509
4220	865	5379
5011	4093
5165
5604	3842	99	1765	42	5650	4472
5743
5813
657
1361	4456	3205
2007	1801	1674	1291	44	1342
2403
2539
2624
2722	2753	1765	104	2219	2129	1982
2804
3210
3639	2840
4133	1699
4560	1311	42	5387	5533	3647
4742	4619	1611	4799	665	5023
126
134
153
156
167
170
175
176
180
186
190
191
203	2755	70
205
211
213
216
225
234	2820
237
239
240
260
300
301
320	792	4300	1468
375
402
480
1006
158
307	792	3669
457
3535	45
3632	2147	1611	3276	45	2606	5550	2140	1342
4769	99	5640	45	5550	4207	5495
4808	5407	1765	3497	45	5101	2447	5105	5108	1237	1877	3647
4974	45	1999
5260	45
5291	4093	3454	3911
68
183
199	866
249	2820
261
277
278
368
438
448
449
464
481
502
593	2820
681
730	784	865	944	2841
1054	3723
1067
1099	1299	670	764	46
1100	1299	46
1103	46	270	1299	764	670
1105	1093	46	270	764	670
1431	3454	527
3033	1656	5125	1999
3093
3276	3842	70	1355	3632	5713	5430	3647
3497	4808	3140
72
1145	2473	4300	270	1311
903
619
2880	55
95
373	3392	433	4522	726
2767	57	1231
247
364
881
1327	2820
1369
79
2678	3669	61	2670
519
1459
1457	2182
5168
214
900
78
1674	1922	70	2007	506	1311
2846
3820	4612	4618	4644	4779	4654	4655	4659	4556	4565	4444	4572	4577	4578	4579	4580	4583	4584	4586	4587	4589	4590	4591	4592	4593	4594	4595	4597	4599
4100	70
5054
5708
5739
853
1124
741	1335
3021
4117	73
75
415
1231	3125	3246	2767
152
423	2820
460	3471
496
536
672
717	2820
877
1422
1509
2003
2249	2290	1910
5722
1010
1144
1313
1477
2091
2478
2962
120
256
651
1003	2303
1026
1167	865	2219
1252
1299	1099	1100	1101	1102	1103	1104	792
1719
3894
4022
4171
4352
409
1162
1690	5664	1801	1114
1902
1967	407	87
3397	87
3565	99	2473	5550	5455	4432	185	154
5065
5402
5432
5439
5446
5494
5523
5761
5821	87
93
676
1207
884
131
143
727
812
350
1529	98
149
264
316
356	99	4579	4584	4586	4590	4591	4592	4593	4594	4597	4599	2429
1253	99
1501	386	1161	1956	2219	2221	2615	1982	1345	2501	2246	2248	1355	2126	99	2151	2280	1648	1522	1908
1800
1911	865	99	1892	1766	1355	270	1854
1923
1971	3712	3713	3714	3715	3716	3717	3718	3719	3720	3729	2205	2593	2339	1322	2219	2603	2739	1345	3911	2248	1355	1625	1757	2656	99	1765	2021	3710	1644	2029	1522	1278	3711
2043	865	99	1765	2021	2280	2219	2222	2033	2877	1982
2511
2602	1345	99	1765	2021	1804	2636	2303
2625	386	99	2246	2248	2126	1982
2627	386	99	2246	2248	2126	1908	1982
2628	99	2248	2126	1908	1982
2629	386	99	2246	2248	2126	1908	1982
2791	99	2861	2670	2811
2961	322	99	500	1355
3246	1794	99	1765	1322	2219	1231	692	3162
3372	99
3562
3826	442	99	3647
3917
4191	2248	1322	99
4197
4265	3392	1345	3041	99	1486	1522	4116	3574	442	3739	4093	3839
4321	1345	865	1322	99
4495	4702
5433	99
5476	5427	3379	99
5505
5527	99	1999
5550	4769	1311	3565	3632	3729	5430	4280	3647
5842
958
236
458
2270
132
145
734
1028
1698
4508	4498
327	371
369
487
613
621
680
703
765	1000	437
780
856
1033
1199
3741
3838	5190
3845
3909
3947	2606
4090
4095
144
349
370
1227	1352
116
197
493
968
3775	114
540
541
545
560
561
562
571
582
623
2669	121	2339
413	3927	2303
439
1302
491	2820
173
3537	4093
660
954
1734
1828
2388
2939
2959
3161	3202
182
772
1903	3681	3682	164	3669	506	1311
476
1000	765
1009
1011
1142
1603	1345	1445	270	1647	607
1713	1345
1725
1727
1744
3594	500
3726	3205
406
2357
3439	4093
1593
1615	146
1617	1648	146	1541
1680
1738	146
1251
5571	154
223	2820
355
404	371	2820
418
462
505
520
546
568
662
919
927	1034
583	784
198
250
253
282
338
598
605
664
719
745
767
785
944	610	739	164	978	730
1130
1261
1476
1986
2008
2044
2045
2104
2115
2137
2150
2536	2585	4093
3035
3320
3655
4017
4393	4570
1052
729
1128
1246
1434
1468	320	1345
2448	166
2509
4123	4169	166
4438	166
268
867	866
778
803
862
1008
1030
1079
1086
1334
2258
2450	2489
178	468
393	371
456
1024
3821
251
395
1819
2131
2288
3581	2840	3789
3880	4093
4374
5001
5050	3801
5329
5379	322	2339	1765	1999	3380	3833	5499	4220	3647
5599
468	178
612
806
220
475
538
589
885	2593
938	917
1256
1487
550
1029
810
2319
728
2877	5378	4612	5509	2951	5751	4618	5752	2958	4242	5139	2840	1946	4762	3100	5660	5791	3624	4655	4658	2995	4659	1982	5448	5450	5581	4059	4444	4579	3300	4586	4975	4592	5748	4597	5749	5750	5368	2043
2950	2339
3241
3270
3310	3393	3313
3334
3596
3638
3999	4021
4164
4165
4331
4524	4527
4869
5759
1083
309
367
567
894
2027
2822	196	2633	2829	1999	1982
363
1262	792
1897	200
2261
2703
2739	2633	1971	2811
2755	2834	203
2821
652
809
252
284
310
328
724
732
768
777
514
248
389
430	2944
1691	1694
2443	2447
3083
3748
4490	217
238
292
293
294
295
296
297
298
299
302
304
305
321
323
325
330
334
337
342
353
361
374
381
383
387
911
523
436
628
634
570
641
742	2820
743
773
1075
1134
1143
2096	2447
588	2280	1153	2820
463	2219	2820
542
723
961	3669	1311
1137
288
1994	1311
2066	3669
697
242
1414
1449
1451
1489
3556
3739	4265
4052
4277
4320	3839
4749	5125	5023
5083
5161
5162
5167
5205	2078
5214
5215
266
267
440
469
814
820
825
880
945
1051
492
573
577
490
398
446
518
575
661
801
807
889
1541	1617	3669	1342
1569	4093
1625	5437	1322	1971	3669
1659
1706
1774
1860	3669
2005
2036
2038	2176
2051
2088	2820
2186	5097	2487
2202
2208
2210
2227
2253
2282
2303	2689	2690	2691	2692	2694	2824	2697	2698	2702	2710	922	413	3486	2602	3628	693	1336	2617	2621	2623	2644	2645	3669	2521	2657	3681	3682	3684	3685	2665	2666	1003	2667	2680	2681	2682	2683	2686
2320
2366
2368
2434	2495
2528	2017	2659	265	2673	2485
2582	2585	2581
2633	273	2739	1765	2822
2752
4019
4432	3565	5430	3647
343
1025
1115
1268	689	498	270
1817	1345	270
1872	1765	270	1919
3578	4084	3916
630
631
650
690
1136	1287
290
340
1809
750
1232	2862	3644	2078
2010
4078
3070
3440	4093
4167	4169
359
830	1345	2147	1291	1342	1311
948	3669
1081
1367
549
394
836
1160
1460
1566	897	1542
1949
2196
2351
3460
3744
4281
4516
4796	4797
331
465
485
2154
2164	322
2204	1982	2078
2347	2824	5529
2688	322
2811	322	2739	2791
2844	1999
3169	3265	1322
3457	322	1999	4336	2840	2779	4093
3585	322
3640	4031
3694
3903	3931
3919
4040
4208
4605	4640	4609	322	1765	4807	4591	4592	4593	4656	4597	4599	2077	4702
4937
5061	322	2078
5303	3729	322	3380	4093
5434	5451
5473
5478	322	2339	2248	3752	978	3380
411
1323
2585	2536	2021	1765	2582
3547
4195	3648	5414	3911	3849	1294	4093
4437	4093	1765	3911
4550
1210
3732	2339
346
486
420
636
762
443
478
1062
4043	344	4943
556
688
1305
352
522	2219	2820
823
391
521
813	2820
2429	2256	2329	2259	356
2442
4579	3714	3715	3716	3717	3718	3719	3720	4373	2078	4640	2877	3262	4546	1999	865	356	1765	1770	3820	1522	4342
4584	3712	3713	3714	3715	3716	3717	3718	3719	3720	4373	2078	4662	3262	4546	1999	865	356	1765	1770	3820	4342	3711
4586	3713	3714	3715	3716	3717	3718	3719	3720	4373	2078	4650	4662	2877	3262	4546	1999	865	356	1765	1770	3820
4590	3712	3713	3714	3715	3716	3717	3718	3719	3720	4373	2078	3262	4546	865	356	1765	1770	3820	1522	3711
4591	3712	3713	3714	3715	3716	3717	3718	3719	3720	4373	2078	3262	4546	865	356	1765	1770	3820	1522	4605	3711
4592	3712	3713	3714	3715	3716	3717	3718	3719	3720	4373	2078	2877	3262	4546	865	356	1765	1770	3820	1522	4605	3711
4593	3712	3713	3714	3715	3716	3717	3718	3719	3720	4373	3262	4546	865	356	1765	1770	3820	1522	4605	3711
4594	3712	3713	3714	3715	3716	3717	3718	3719	3720	4615	4373	2078	3262	4546	865	356	1765	1770	3820	1522	3711
4597	3712	3713	3714	3715	3716	3717	3718	3719	3720	4373	2078	2877	4546	865	2274	356	1765	1770	3820	1522	4605	3711
4599	3712	3713	3714	3715	3716	3717	3718	3719	3720	4373	2078	4650	4662	4546	865	2274	356	1765	1770	3820	4472	4605	3711
3404	357
503
921
1110
1111
1150
431
432
726	373
532
2242
2396
2847
3211
922	2303
753
965
1433
848
890
609
722
766
1330
470
424	428	388
1728	2820
1795	3669
555
642
1956	1765	1501	1910
620
932
3662
4028	3689	4556	1294	3286	3996
1447
405	433
417
535
779
845
849
896
1108
1174
2034
3466
995
537	2820
1060	2219
1230
1257
1282	2820
3927	413
1886
996
716
422
435
444
635
1158	3413	1157	3916
513
654
2037
527	792	1431
1212	1352
1250	2219
1292	2820
1310
1359
1360
1374
1381
1387
1388
671
691
715
720	1798
834
759
886
1002	1034
3747	437
784	730	498	787	583
876
1023
2295	2976	2219	3129	442	2588	1982
2910	2656	442
3190	2219
3272	2339	2248	2219	1294	442
3815	2840	3931
4401
4407	442	3644	1278
4444	3712	3713	3714	3715	3716	3717	3718	3719	3720	4373	2078	3760	4533	442	3644	2877	3262	4546	2248	4424	1999	4567	865	1765	1770	3820	1522	3711
4457	442	3644
4459	4456	4570	4640
4502
4565	3712	3713	3714	3715	3716	3717	3718	3719	3720	1804	4373	2078	4533	442	3262	4546	4548	1999	4567	865	1765	1770	3820	1522	3711
4572	3712	3713	3714	3715	3716	3717	3718	3719	3720	4373	2078	4640	4650	442	3262	4546	3780	1999	865	1765	1770	3820	1522	4342	3711
4577	3712	3713	3714	3715	3716	3717	3718	3719	3720	4373	2078	4640	442	3262	4546	3780	1999	865	1765	1770	3820	1522	3711
5320	1946	5683	5533
5513	5601	5674	5533
5563	2862	3647
5703
563
749
805
1018
1080
4200
947
986	792	1311
473	452
504
2306
940
966
1061
1068
1074
1076	453
1077
1260
1568
2508	453	2248	2280	1787	1854
2714
2831
3115	2248	3120	2588	1765
4307
3592
795
1070	1171
557
1781
1151
4733
4734
515
1064
2240
471
474
1317
510
516
517
1121
686	792	483
756
878
1218
1655
4007	3295
497
591
649
839
973
1316	865	507
1396
1782
1822
1831
1844
1846
1851	3842
1858
1869
2360	484
547
2072
793
857
1125
1270
3183
684
687
696
850
873
980
1092
1117
1141
1223
1243
1533	3454
1642
811
1512
1775
1866
2312
2823	1345	1278
3959	865	2885	1765	4005	507	1787
794
1263
1287	1136	501
1754
2967
788
1032
1114	3498	4300	624	1690	4472	506	1311
1139
1379
1454
1524
1587
2080	3567
2087
2234
2354
2512
3194
4323
4878
5347
5357
5463
5514
837
930
1301
1437
1589
1594
1827
1835
1847
1850
1943
1951
2052
2108
2112
2148
2301
2421
2424
2484
2486
2531	2021	1355	1765	2487
2532
2573
2576
2638	3336
2834	2755
3127	1999
3317
3325	3331
3438
3516
3650
3764	1765	2078
3849	4195
4211
4268
4343
4834	2447
4854	4828
4917
4939
4949
5003
5095
5846
5864
2215	3669
871
2055	2085
2350	5096
2673	2528	2698
960
972
3961
799
874
1191
1214
525
530	2732
558	2820
3158	2046
3548
564
700
526
543
531	2248
533
534	4093
601
606
617
629
633
643
667
721
776
1106
1119
1129
1196
2732	530
1173
1419
1517
668
644
3898
4121
988	2820
548
597
3827	3789
3851
5668
2172
951
679
559
569
574
602	2219
625
882
937
1264
1275
3833	5379
4643	4640	4570
4784	4810
658
985
1036
3309	4093
639
1027
827
1153	588
959
979
1193
705
763
917	938	594
1107
1187
1203
1204	1747
1229
596
1239
1331
2394
2395
2410
675
1284
666
775
913	1059
5310
608
1149
698
1503
622
1222
1306
1401	624	1161
3674
1118
645
677
714
1022
653
682
706
710
781
782	1711
815
826
888
1668	1726
2803
3663	865	3369
3778
3797
3798
797
915
791
656
843
712
2435
3763
787	784	2820
991
1090
1093	1105
2835
4301
4327
4802
4955
931
1063
953
683
835
934
950
1098
840
1038
946
3053
694
707
708
709
738
769
855	692
859
872
997
2298
3722	2219	2205	1278	3431
3932
1017
1034	1002	868	927
699
770
933
967
758
800
949
956
1889
754
757
760
914	2078
1146
1035
1044
1798	720
893
1156	2820
731
875
887
925
928
983
2841	2339	3205	1322	1908	730
736
804
989
1084
1116
1163
1195
1303
1365
1368
1383
1412
1423
1461
1462
1508
1530
1549
1559
1592
1624	2219	2820
1672
1747	1572	2820	2118	2248	1322	1355	1294	1999	1204
974
1065
774
1285
1338	1345
1087
4369	746	4347
790
909
907
929
1037
1091
846
861
1071
4030
1711	865	1699	1445	1542	1548	782	1520
2031
2099
2237
786
975
858
1213
808
817
824
828
916
918	792
920
969
984
987
992
993
1007
1020
1140
1152
1697	792
902
957	2820
955
818
3107
5430	1058	5702	2473	3276	5550	816	4432	5270
2529
829
831
844
1059	913	842
1085
1216
1242
1344
1351
1825
1843
3129	3171	1765	2248	842	2295	3164
863
906
5687
998
2888	854
3590	3597
1599
4888
4893
1478
1493	4093	3574	4207
1525	1345
1535
1557	865
1567
1693
1733
1748
1758
1766	1911
1792
1796
1808	865	1645	1542
1816
1944
1985
1990
2073
2093
2100
2120	5582
2165	1522
2178	865
2222	2043
2229	2126	865	1982	2255
2236
2321	865
2398
2416
2647	1345	865	1322	2636
2830	865	2219
2891
2897
2899	1999
2917
3414	1999
3957
3996	3911	4093	1908	3669	4028	3037	3454
4005	865	3574	3959	4317	2779	4285
4009
4047
4105	3911
4113
4172	4556	4093	4598
4202
4247	2078
4251
4315	4456	2414
4317	4416	3669	4478	4005
4324
4330
4533	4444	4565
4578	4640	865	3714	3715	3716	1765	3717	3718	3719	3720	1770	4546	3820	1999	1522	4373	3262	2078
4583	3712	3713	3714	3715	3716	3717	3718	3719	3720	4373	2078	4650	3262	4546	3780	1999	865	1765	1770	3820	4342	3711
4587	3712	3713	3714	3715	3716	3717	3718	3719	3720	4373	2078	4650	4656	3262	4546	865	1765	1770	3820	3711
4589	3712	3713	3714	3715	3716	3717	3718	3719	3720	4373	2078	4656	3262	4546	865	1765	1770	3820	3711
4604	4737
4618	3713	3714	3715	3716	3717	3718	3719	3720	4373	2078	4662	2877	4546	865	2274	1765	1770	3820	3711
4640	865	4577	4578	4548	4579	4643	4646	4459	4373	4572	4605
4644	3712	865	3713	3714	3715	1765	3716	3717	3718	3719	1770	3720	3820	4373	4546	3711
4655	3712	3713	3714	3715	3716	3717	3718	3719	3720	4373	2078	4662	2877	865	1765	1770	3820	2546	3711
4699
4799	865	4742	4973	4472	1787	4093
4896
4899
4916	865
4946	865	1765
4985	4207
5031
5040	865
5052
5100	865	4093	2078
5103	865	1765	2078	5127
5121	5136	865	2078	1999
5125	865	1765	3755	4749	5136	3033	4093	2078
5159	3659	2700
5187
5228
5315
5546	865
869
879
892
899
952
976
977
1053
1066
1286
912
981
1135
1014
1357
1082
898
1069
1192
1245
1269
1271
1200
1021
1159
1235
1382
1479
1895
2152
2153
2263
904
926
1333
1393
942
1089
1095
1267
1273
941
939
964
943
2257
2328
5194
5263
1113
962
963
3523
1005
1154
1249
1015
1016
1019
1056
999
2315
2356	3413
2637
2702	1765	1814	2303
2765
2909
2956
3061
3077
3079
3097
3125	1322	2219	1231
3126
3130
3137
3155
3157
3172
3177
3204
3224
3227
3259
3285
3303	3669
3364	1765	2248	3345	3357	1278
3366
3393	978	1765	3310
3423
3447
3476
3494
3571	4768
3575
3580
3598
3622	4473	3165	4609
3635
3998
4039
4067
4068
4091
4097
4128
4146
4153	4961	4162
4166
4198
4286
4403
4405	4328	4336
4447
4482	4483	4475	4116	4486
4520	4514	4739	4525
4521
4549	1908	4702
4656	4605	4659	4587	4589
4759
4827
5406
5633	978	5533
5756
5772
982
1112
1127
4529
1220
1078
1354
5087
5206
5346
5385
5492
5723
5867
1281
1585	2219
2056	2219	2820
2780
1131
1031
1385
1234
1236
1169
1123
1039
1040
1041
1042
1043
1045
1046
1047
1048
1049
1300
1308
1133
1197
1202
1258
3723	1054
1635
1057
2026	2219
4161
1194
1171	1070
1138
2194
4879
1101	1299
1102	1299
1104	1299
1109
1247
2606	3205	3498	3947	4300	3632	4472	4154	3644	1311
3367
1120
3526	1765
1155
1165
1168
1175
1181
1184
1185
1189
1208
1209
1224
1225
1226
1280	1289
1283
1290
1293
1332
1362
1407
1240
1166
1783
1794	3246
1823
1887
2018
2079
2097
2103
2113
2117
2183
2456
2525
3633
3651
4141
4267
5129
1147
1148
1157	1158
1190
1438
3916	3578	1158
1170
1172
1702
2133
2387
2521	1345	1765	2021	1161	2636	1874	2303
2645	1345	1161	1322	2636	2303
2665	1345	1161	2303
2666	1345	1161	2303
2667	1345	1161	2303
4065
4213	1764	2671
4271
5625	1161	5460
1176
2084	4477
1350
1219
1296
1378
1416
1439
1507
1579
1647	1603
1740
1929
1935
2163
2190
2287
2340
2378
2438
2761
2849	2869
2946
3306	3777
3515
4073
4111
2046	3158
2972	3074	3037
1201
1272
1266
1198
1904
1916
1974
2059
2060
2089
2092
2116
4016
1211
1215
1244
1424
1238
2252
3116
1221
1356
1377
1966
3080
3135
3189
1233
2862	1232	5563	1908
2881
3706
4183
1574
1623
1870
1942
1975
2016
2047
2054
2322
3659	5159
1588
1304	2820
1309
1324
4035
5364
1329
1389
1452
1556
1573
1578
1613
1643
1677
1717
1731
1797
1804	2657	2602	4565
1921
2134
2149
1832
3400	2339	1765	1278
3737	3669
4304
5331
1289	1280
1484	2198
1622
1629	2820
1705	4093
1931
2611	2636	1765	1294
2863
2951	2877
2996	1982
3205	2339	2248	1322	2606	3726	1361	2841
3225	1294
3280	3338
3296	1322	1294
3302	2219	1294
3305	2219	1294
3328	1294
3475
3701	2338	4093	2954
3899	1699	4358
3981	4002	3629
4079	1765	1294
4122	2840	4556	2447
4310
4355
4359	4642
4366
4570	4481	4643	1765	4646	4647	4393	4459	4562	4373
4666
4727
4737	4604
4752	1294
4832
4895	4093	1765
1339
1500
1670
1314
1681	4300
1724	4254
2277
2527
3691
3787
4130
4630
4679
4914
5009	1311
5224
5225
5392	4472	4300	1311
5394
5415	1311
5416
5418
5425
5426	5453
5431
5443
5444
5455	3565	1311
5495	4769	1311
5503
5518
5522
5551	1908
5557
5590	1311
5640	4769	3647	1311
5654	1311
5681	3647
5689
5693
5698	1311
5700
5709
5720
5737
5773
1319
1496
1318
2454	2466	1322	2219	2021
2463	2296	1322	2219	2021
2465	2296	1322	2219	1765
2565	1322
2646	1345	1322	2636	1765
2931	1322	1765	2063
3889
1326
1771
1773
1777
1340
1366
1425
1337
1346	1336
1347
1349
1406
1443
1528
1536
1580
1722
2170
2188	1342
2211	1342
2246	2625	2627	2629	2161	1501	1342
1415
1446
1469
1471
1474
1480
1482
1494
1504	4510
1511
1531
1591
1631
1637
2318	1345	2259	2021
2405
2446
2617	1345	1765	2021	2636	2303
2619	1345	2636	2613
2621	1345	2636	2303
2623	1345	2636	2021	2303
2644	1345	2636	1765	2303
2648	1345	2636	1765
2649	1345	2636	1765
2650	1345	2636	1765
2651	1345	2636
2652	1345	2636
2653	1345	2636
2654	1345	2636
2657	1345	1804	2303
2662	1345
2663	1345	1765
2682	1345	2303
2683	1345	2303
2707
3782
5387	1345	1765	4560	3379	4093
4750
4938
1426
1428
1429
1488
1636
1661
1718
1987
2146
2213	2021
2218	2078
2402
2427
2547	2021	1355	1765
2549	2021	1355	1765
2685
2914	1355
2934
2955	1355	2021	2205
3167
3230
3315
3409
3419	2447
4962
1376
3648	3392	4195
4456	1361	4315	4459	4463
4614
4776	4943
4987
1391
2367
3757
1413
2449
1430
1678
4973	4975	4799
1735
1453
1561
1802
1810
1730
3533
1955
4461
4464	4349
2942	2219	1908
3020
4080
2155
3793
1467
2422
3469	3373
3531
5007
3841
1759
1472
2198	1484
3287
5300
1490
1652
1683
1539
1964
2221	1501
2574	2021	2636	1765
2578	2021	1765
2613	2619	2615
2615	1765	2021	2636	2613	1501
1521
3895
4345
4462
1532
1552
1563
2192	1513
2199
4706	1765	4741
2522
5613
1527
1537
1565
1606
1685
1540
2635	1522	2339	1854
3171	3129
3258	3231
5270	5378	5384	5386	5390	2447	5391	5396	5280	5281	5282	5283	4900	5284	5285	5286	5287	5288	5289	5301	5302	5430	3669	4841	5101	2926	5105	2546	5106	5108	5109	5110	5111
1543
1544
1545
1555
1564
1571
1576
1583
1602
1614
1621
1628
1638
1653
1667
2337
2459
1526
1618
1662
1671
1673
1695
1534
1547
1861
1546
1560
1598
1838
1880
2048
2499	2497
2866
2943
1650
1665
1714
4110
4184	4424	4509
4186	3373	4231
4297	2339
1626	1572
1660	1572
1666
1715
1723
1753
1961
1981
2075
2105
2132
2260
2317
2610
2693
2992
2994
3271
3327
4848
4972	2219
5002
2209
2677	2659
2022
1597
1616
1651
1874	2521	3379
1891
3472
4218
4269
4507
4240	1595
5023	1604	4742	4749	4093	2078
1684
1640
1732
1658	2820
1692
1634
2381
2960
4250
5428	5437	5438
5437	1625	5428
1721
2011
2142
2230
2327
2358
2827
1639
1954
1811
2554
4254	1724
1830
2001
2023
1772
5824
1663
1992
2067
2068	1803	1765
2119	2101
2057
2485	2528
2566
3905
4628
4873
5222
5508
1972
2661
4635
5421
5517
5664	1690
5695
1694	1691
3090
3152
3289
1756
1762
1780
1785
1826
1856
1875
1890
1898
1900
2166
5602
1779
3408
2107
2750
2785
2828
3844
4142
1737
1745
4134
2245	1712
2380
2590
2882
3288
3382
5531
1868
1760
1806
1807
1820
1821
1829
1837
1859
1910	2249	1962	1956
1927
1963
1976
1989
1991
2032
2913
1746
1742
2294
2180
2181
2224
2233
2331
2514	1765	1757	2021
2516	1765	1757	2021
2520	1765	1757	2021
3091
3710	1971	2021
3810
1768
1803	2068
1885	1805
1901
1905
1907
1909
1930
1957
1973
2004	4206
2009
2012
2015
2030
2189
2226
2289
2346
2353
2375	2348	2021
2391
2417
2457
2467
2489	1765	2021	2219	1841	2450	1982
2497	2248	2021	2499	1765
2498	2021	1765
2515	2129	2021	2636	1765
2517	2021	1765
2518	2021	2636	1765
2519	2021	1765
2523
2530
2534
2538	2021	1765
2543	2021	1765
2544	2021	1765
2548	2021	1765
2551
2556
2563	2021	1765
2567	2021	1765
2568	2021	1765
2569	2021	2636	1765
2575	2021	2636	1765
2577	2021	2636	1765
2584
2596
2597
2614	2021	2636	1765
2616	2021	2636	1765
2639	2636	1765
2642	1765
2643	1765
2686	1765	2303
2692	1765	2303
2696
2704
2781	2840
2809
2819
2824	1765	2347	2219	2581	2303
2867
2868
2872	2248	1765
2887
2893
2906
2926	5270	2078
2979
2984
3010
3024
3134
3138
3148
3149
3162	3246
3187
3239
3249
3269
3273
3274
3308
3464
3510
3818
3954
4059	2877	1765
4127
4160
4163
4328	4405	1765
4338
4367	1946
4415	3644	1765
4527	4524
4545
4576
4580	3712	3713	3714	3715	3716	1765	3717	3718	3719	3720	1770	4546	3820	4657	4373	2078	3262	3711
4588	3712	3713	3714	3715	3716	1765	3717	3718	3719	3720	1770	4373	2078	3262	3711
4595	3712	3713	3714	3715	3716	1765	3717	3718	3719	3720	1770	4546	3820	4373	2078	3711
4608	1765
4609	2784	4546	3622	3671	1787	4605	4702
4612	3712	3713	3714	3715	3716	1765	3717	3718	3719	3720	1770	4546	3820	4373	2877	2078	3711
4619	1765	4742	4207	4725	3574	4093
4652	1765	2078
4653	1765	2078
4654	3712	3714	3715	3716	1765	3717	3718	3719	3720	1770	3820	4373	4662	2078	3711
4657	4580	1765	4667	2078	4671
4667	4657	1765
4686	1765
4688	1765
4707	1765
4715	1765
4725	4619	1765
4728	1765
4744	4093	1765
4762	2877	1765
4767	1765
4777	1765
4779	1765	2248	3820	4780	3380	4093	4766
4910
4930	1765	2078	4503
4936	1765	2248	4503	4441	2078
4971	1765
4995	1765
5005	1765
5057	3380	1765	2078
5058	1765	2078
5123	1765	2078
5124	1765	2078
5212	3380	1765	2078
5223	1765
5274	4162	1765	2078
5324
5328	1765
5378	1765	3911	5270	4472	2877
5380	4093	5395	1765	2447
5397	1765
5411	4472	1765
5448	4472	2877	1765
5454
5466
5512	2021	2603	4084	1765
5533	5633	1765	2118	3911	5320	5414	5513	4560	5584	4472	4093	5630
5585	5683
5650	2248	5604
5735
5736
4658	3712	3713	3714	3715	3716	3717	3718	3719	3720	1770	4373	2877	2078	3711
5255
2552	2021
3208	1787
3816
4419
4489
4668
4673
4872
5350
1950
3147
3405
2122
2175
2336	1801
2338	3701
4530
2157
2243
2601
2712
3704
1879
1896
1918
1920
1953
1836
2269
1882
2537
1842
2385	1840	2329	2259	2256
2452	1840	2603
4959
1884
3824
4690
2029	1971
2273
2275
2297
2307
2372
2393
2440
2474
2641
2837
3007
3057
3073
3229
3507
1863
1934
2313
2927
2631
3777	3306
4963
5047
2013
2053
2114
2169
2342
2997
3608
2239
3784
2014
2279
2751
5334
4284
5710
2545
3339
2309
2314	2219
2374
2460
2570
2675
2725
2768
2771
2772
2776
2790
2794
2796
2797
2800
2801
2805
2810
2816
2818	2447
2838
2848
2850
2853
2855
2856
2857
2858
2861	2791
2873
2874
2876
2892
2894
2896
2900
2907
2915
2930
2936
2947
2948
2952
2969
2971
2974
2977
2978
3003
3004
3006
3008
3009
3011
3013
3017
3018
3019
3022
3025
3027
3028
3030
3034
3038
3098
3117
3121
3124
3139
3142	1908
3192
3255
3283
3323
3329
3337	1908
3350
3428
3448
3505
3546
3566
3577
3619
3690
3786
3788	4300
3803
4020
4054
4230
4239
4646	4640	4570
4681
5101	5094	4808	1999	5107	3380	1908	5270	4472	3644	4093	2078
5105	4808	1999	5107	3380	1908	5270	4472	3644	4093	2078
5106	1999	5107	1908	5270	4472	3644	4093	2078
5108	4808	1999	3380	1908	5270	4472	3644	4093	2078
5109	1999	1908	5270	4472	3644	4093	2078
5110	1999	1908	5270	4472	3644	4093	2078
5111	1999	1908	5270	4472	3644	4093	2078
5176
5311
5361	1908
5435
5663
5738
1962	1910
1980
3799
5656
5666
5673
1924
4505
3858
2363
2086
1969
4807	4846	2339	4605	4478
5447
3641
1978
2241
3711	4612	4618	4644	4654	4655	4658	1971	3669	4565	4572	4444	3681	3682	4577	3684	2021	3685	4580	4583	4584	4587	4588	4589	4590	4591	4592	4593	4594	4595	4597	4599
3712	4612	4644	4654	4655	4658	1971	3669	4565	4572	4444	3681	3682	4577	3684	2021	3685	4580	4583	4584	4587	4588	4589	4590	4591	4592	4593	4594	4595	4597	4599
3713	4612	4618	4644	4655	4658	1971	3669	4565	4572	4444	3681	3682	4577	3684	2021	3685	4580	4583	4584	4586	4587	4588	4589	4590	4591	4592	4593	4594	4595	4597	4599
3714	4612	4618	4644	4654	4655	4658	1971	3669	4565	4572	4444	3681	3682	4577	3684	2021	3685	4578	4579	4580	4583	4584	4586	4587	4588	4589	4590	4591	4592	4593	4594	4595	4597	4599
3715	4612	4618	4644	4654	4655	4658	1971	3669	4565	4572	4444	3681	3682	4577	3684	2021	3685	4578	4579	4580	4583	4584	4586	4587	4588	4589	4590	4591	4592	4593	4594	4595	4597	4599
3716	4612	4618	4644	4654	4655	4658	1971	3669	4565	4572	4444	3681	3682	4577	3684	2021	3685	4578	4579	4580	4583	4584	4586	4587	4588	4589	4590	4591	4592	4593	4594	4595	4597	4599
3717	4612	4618	4644	4654	4655	4658	1971	3669	4565	4572	4444	3681	3682	4577	3684	2021	3685	4578	4579	4580	4583	4584	4586	4587	4588	4589	4590	4591	4592	4593	4594	4595	4597	4599
3718	4612	4618	4644	4654	4655	4658	1971	4565	4572	4444	3681	3682	4577	3684	2021	3685	4578	4579	4580	4583	4584	4586	4587	4588	4589	4590	4591	4592	4593	4594	4595	4597	4599
3719	4612	4618	4644	4654	4655	4658	1971	4565	4572	4444	3681	3682	4577	3684	2021	3685	4578	4579	4580	4583	4584	4586	4587	4588	4589	4590	4591	4592	4593	4594	4595	4597	4599
3720	4612	4618	4644	4654	4655	4658	1971	4565	4572	4444	3681	3682	4577	3684	2021	3685	4578	4579	4580	4583	4584	4586	4587	4588	4589	4590	4591	4592	4593	4594	4595	4597	4599
2326
1977
2020
2058
2065
2102
2171
2173
2191
2195
2203
2206
2220
2225
2228	2989
2231
2281
2300
2310
2389
2392
2412
2428
2441
2468
2483
2488	2219	1982
2595
2664
2672
2720
2731	2219	2671
2740	3740
2745	2248	3380
2746
2748
2753	2722
2775
2782
2789
2798
2839
2860
2932	5507
2968
2989	2228
3037	3996	2972	2285	1982
3128
3153
3197
3207
3219	2219	1982
3221
3243
3265	3105	3169	2339	2219	2965	1982
3268
3279
3307	2339	2021	2219	1982	3295
3319
3321
3336	3736	2638
3344
3368
3389
3391
3417	3379
3527
3536
3583
3614	1982
3832
2212
1996
3031
4150
2139
3247
3250
3338	2248	3280
3508
4451
4900	5270	4093	2078	1999
5066
5067	4472	2078	1999
5072	2078	1999
5112	4472	2078	1999
5113	4472	2078	1999
5114	1999
5153	1999
5362
5386	5270	3420	2078	1999
5391	5270	2078	1999
5395	5380	1999
5396	5270	1999
5417	2021	4414	1999
5438	3842	5428	1999
5510	3842	4093	1999
5519
5742
5747
5815
5840
5845
3946	2002
3186
4206	2004	3644
3900
4098
4689
5822
3477
2069
2121
2250
2284
2386	2021
2469
2481	2371	2219	2021
2504
2507
2550	2021
2579	2021
2580	2021
2586	2329	2021
2594	2021
2618	2021
2829	2021	2822
2940
3402
3429
3500
3686
4354
5373
5579
5833
3076
3233
2268
5848
2035
2193
2423
2439
2039
2041
2135
2176	2038
2179
4793
2090
2291
2064
2963	2840	2219	2118	2063
2993	2840	2219	2063
3086
3231	3258
3974
4346
4880
5245	2078	2063
5509	3801	3842	2339	2877
2557
3081
4233
2272
2304
2305
2323
2982
3213
2101	2119
2156
2302
2373
2409
2502
2572
2612
2659	2528	2219	2656	2677
2723
2851
2923
3253
3277
3278
3284
3294
3361
3396
3522
3549
3563
3696
3725
3897
4061
4285	4005
4294	2248	4093
4498	4508	4093	2078
4514	4520	2078
4518
4525	4520	2078
4557	2078
4573	2078
4574	2078
4575	2078
4598	4193	4603	4172	2078
4634
4650	4583	4586	4587	4599	4572	2078
4677	2078
4726
4818	2078
4819	2078
4820	2078
4821	2078
4822	2078
4823	2078
4874	2078	4886
4875	2078
4876	2078	4886
4897	4948	4989	2078
4905	2078
4907
4924	2078
4925	2078
4975	2339	2877	2078	4973
4976	2339	2078
4977	2339	2078
4978	2339	2078
4979	2339	2078
4980	2339	2078
4981	2339	2078
4986	2078
4990	3643	2078
4991	2078
4992	2078
5014	2078
5015	2078
5016	2078
5017	2078
5018	2078
5019	2078
5020	2078
5021	2078
5022	2078
5024	2078
5055	4472	2078
5056	2078
5062	2078
5068	4472	2078
5069	4472	2078
5074	2078
5075	2078
5076	2078
5077	2078
5078	2078
5079	2078
5080	2078
5081	2078
5082	2078
5084	2078
5085	2078
5089	2078
5090	2078
5093	4093	2078
5097	4472	2186	4445	2078
5098	2078
5099	2078
5104	2078
5115	3454	2078
5117	2078
5118	2078
5130	2078
5131	2078
5133	2078
5138	2078
5139	4093	2877	2078
5140	2078
5141	2078
5143	5146	2078
5145	4472	5146	2078
5147	4472	5146	2078
5148	4472	2078
5151	4445	2078
5170	2078
5177	4445	2078
5180	2078
5183	2078
5184	2078
5188	2078
5192	4747	2078
5195	4669	2078
5196	2078
5198	2078
5202	2078
5208	2078
5210	2078
5219	3911	2078	5271	5277	5278
5220	2078
5221	2078
5226	2078
5227	2078
5230	2078
5231	2078
5232	2078
5233	2078
5234	2078
5235	2078
5236	2078
5237	2078
5238	2078
5239	2078
5240	2078
5241	2078
5242	2078
5244	2078
5247	2078
5248	2078
5249	2078
5250	2078
5251	4093	2078
5253	4691	2078	3911
5256	2078
5257	2078
5261	2078
5264	2078
5268	2078
5276	2078
5280	5270	2078
5281	5270	2078
5282	5270	2078
5283	5270	2078
5284	5270	2078
5285	5270	2078
5286	5270	2078
5287	5270	2078
5288	5270	2078
5289	5270	2078
5292	2078
5293	2078
5294	2078
5295	2078
5296	2078
5298	2078
5299	2078
5301	5270	2078
5302	5270	2078
5307	2078
5308	2078
5309	2078
5312	2078
5313	2078
5314	2078
5337	2078
5338	2078
5343	2078
5374	2078
5390	5270	2078
5456
5601	5513	2078
5670
4477	2084	4479
5468
2185
4811
5544
2207
2109
2110
2124
2106
2138
2161	2280	2246
5600
4175
4293
4313
4340
5582	2120
2223
2232
2324
2345
2407
2875
2159
3332
3200
2235
5171
4071
4074
4196
2259	2385	2429	2318
2276
5033
5480	5724
4814
2278
2283
2316
2369
2371	2481
2991
2162	2158
2332
2352
2187
2216
3245
2905
3123
3298
3528
4044
4245
4283
4305
2365
2495	2434
4764
5010
5729
3819
2238
2325
2436
2453
2471	2219	2636
2490	2219	2636
2491	2219	2636
2492	2219	2636
2493	2219	2636
2494	2219	2636
2759	2219
2806	2219
2895	2219
2898
3042	2219
3043	2219
3050	2219
3191	2219
3359	2219
3360	2219
3425	2840	2546	2219
3479	2219
3480	2219
3481	2219
3482	2219
3483	2219
3484	2219
3488	2339	2219
3489	2219
3490	2219
3491	2219
3492	2219
3495	2219
3496	2219
3545	2219
3636	2219
3652
3745
5246
4085
4114
2607
2247
2376
2418
2437
2558
2674
2738
2836
2884
3048
3185
3377	2248
3552
3568
3586
3595
3601
3607
3631
3654
3749
3852
4194
4290	2248
4298	2248
4302
4336	3457	4405
4347	2248	4369
4365	2248	4370
4371
4448	2248	3380	3644
4481	4570
4711
4713	2248	4702
4816	2248
4835	2248
5008
2290	2249
5142
5304
2299
2334
3199	2265
4600
4824
4918
5169
2726
2754
2879
2920
2333
4672
4738
4771
4846	4807
4988
3356
2466	2296	2454
2680	2303
2681	2303
2689	2303
2690	2303
2691	2303
2694	2303
2697	2303
2698	2673	2303
2705
2710	2303
3486	2339	2303
3923
4032
2742
3000	2603
2817
2832
3016
3252
3463
3470
3802
3807
3812	2329
3922
3942
3997
4559
4664
5041
5132
5160
2335
3005	2339
3095
3220
3412
3455
3467
3478	2339	3846
3493	2339
3518
3569
3649	2339
3653
3753
4214
4261
4319	2339	3839
4506	2339
4547
4760
4800
4915
4945	3379	4922	2339
4989	4472	4897	2339
5037	4472	2339
5120	3842
5174
5637	3729	2339
5677
5746	2339
5766
5782	2339
5823	2339
3721
4515
5529	2347
2426
4132
4203
4488
4722
5477	2348
5484
5560
5096	2350
2411
2777
3740	2740
3811
3901
4046
4260
4780	4779
2390	2361
2377
2626	2820
2769
3275
3384
3605
2408
2415
4791
2464
2587
2744
2795
2859
3087
3180
3226
3768
4912
4950
2451
3708	2447
2658
3056
3979
4395
2640	2636
5647
2918
3163
3234
3318
3401
3426
4176
4252
4364
4408
4480
4496
4509	4184	3379
4543
4563
4610
4651	2885
4670
4685
4687	4546
4705
5360
3101
3106
3502
3589
3693
3756
3773
4010
4037
4053
4094
4334
4360
4729
4828	4854
4837
4849
4886	4874	4876
5136	5121	5125
5388
5530
2620	2636
2583
2591
2605	2581
2609
2684
2701
2718
2770
2833
2953
2966
3102
3175
3193
3242
3388
3444
3750
3794
3795
4066
4241
4805
4829
4836
4932
5166
5172
2757
2589
2808
2869	2849	2588
2908
2933
2983
3012
3014
3045
3046
3055
3060
3072
3075
3084
3114
3119
3154
3173
3178
3179
3209
3223
3238
3244
3282
3297
3299
3312
3316
3324
3343
3347
3369	3663
3371
3383
3427
3430
3450
3461
3474
3499
3511
3517
3534
3538
3539
3572
3587
3593
3600
3604
3606
3609
3612
3613
3627
3703
3738
3746
3755	2588	5125
3769
3771
3806
3814
3817
3836
3840
3847
3850
3921
3928
3935
3949
3950
3968
3969
4056	4103
4063
4086
4189
4225
4306
4308
4316
4357
4358	3899	2588	4093
4362
4487
4712
4956
4970
5305
3945
2679
2727
2736
3059
3099
3222
3346
3792
4062
4427
4815
4920
5122	2593
2604
3304
2622	2636
2634	2636
2630
2715
2970
2935	2656
2699
2786
2990
3074	2972	2670
3082
2695
4212
4806
3658
2709
2813
5445	5457
2774
2878	2719
2987
3002
3525
4282
2737
2743
3214
2734
2760
3358
4392
2865
2981
5383	5384	5339	4445	2749
2812
2758
5628
5632
5711
2814	2820
3092	2779
5179
5262
4342	4584	4579	4572	4583
3724
2793
2807
2792
2799
2825
2826
3104
4966
3032
5678
2864	2820
3286	4028
3770
3976
2854	4445
2843
4775
3026
2889
3078	2840
3415
3418
3420	5386
3424
3432
3443	2840
3445
3485
3582
3767
3823
4112
2845
3254
3281
3330
2958	2877
2995	2877
3100	2877
3300	3290	2877
4242	2877	3262
4659	3820	4656	4373	4662	4472	2877
4931
5342
5368	2877
5450	2877
5581	3341	2877
5660	3842	2877
5748	4445	2877
5749	4445	2877
5750	4445	2877
5751	4445	2877
5752	4445	2877
5754
5791	3842	2877
2938
3629	3981
4155
4266
4291
4398	2885
4443
4458	3644
4478	4317	4807
4537
4538	2885
4542
4544
4788
5734
2901
2949
4435	4469
3918
4942
4031	3640
4006
3465
3015
3049
3113
3150
3181
3212
3218
3395
3422
3452
3487
3564
3576
3637
3676
3837
3944
3948
3963
4033
4215
4235
4246	4093
4906
4984
5297
5203
5279
5482
5485
5524
3023
4083
2999
3264
4611
3772
3800
4921
5006
5204
3468
3521
3952
4295
3064
3065
3066
3067
3068
3069
3188
3387
3437
3446
3673
3808
3853
3854
3855
3856
3857
3859
3860
3861
3862
3863
3864
3865
3866
3867
3868
3869
3870
3871
3872
3873
3874
3876
3877
3878
3879
3881
3882
3883
3884
3885
3886
3887
3888
3890
3891
3892
3893
3989
3990
3991
3992
3993
3994
3995
4109
4201
4205
4224	4704	4700
4238
4253
4255
4256
4270
4272
4273
4274
4332
4418
4621
4622
4623
4624
4625
4626
4627
4629
4631
4632
4633
4636
4637
4638
4639
4691	5253
4692
4693
4694
4695
4696
4697
4865
3085
3670
3348
3951
3120	3115
3156
3164	3129
3133
3240
3625
3626
3634
4108
3170
3166
3235
4229
3176
3184
3195
3196
3203
4675
4723	4093	3454	3911
4902
5545
5659
3930
4569
3261
3290	3300	3301
3263
3262	4242	4565	4444	4572	4577	4578	4579	4580	4583	4584	4586	4587	4588	4589	4590	4591	4592	4593	4594
3365
4602
3825
5272
4082
4120
4561
4813
3301	3290
3394
3398
3451
3512
3313	4445	3310
3661
3331	3325
3570
4036
4234
4526
4539
3351
3702
3736	3336
4151
5372
5459
4511
5193
3473	4300
3848
4226
4227
4322
4394
3436
3603
3805
4471
4475	4482
4642	4359
4825
5639
5679	3379
5692	3379
5694
5862
4783
4795
4960	3380
5491
3501
3689	4028
4430	3392
4617	3392	4522
5645
5648
5649
5688
3411
4152
3456
3956
5071
4232
3449
4049
3809
4159
4178
4182
4847
5348	4093	3454	3911
5354	3454
4026
3553
4377
4147
4148
4102
3555
3940
3943
4831
3529	3504
3506
3530
3551
4396
4404
4491
4554
4606
4029
4341
4344
3910
3913
3920
3965
3967
3978
4004
4024
4363
5866
5349
5569
3966
3623
4422
5088
5449
5474
5479
5532
5605
5704
4018
4864
3934
4144
4158
4070
4003
4081
4221
4259	3574
4671	4657
4745
5094	4449	5101
5440
3579
3599
3774
3727
3789	3827	3581
3982
3672
3597	3590
3646
3656
3610
3611
3620
3630
3677
3680
3705
3896
3929
4015
4473	3622
3908
4209
4244
4450
5306
5699
5191
5358
3695
4187
4325	3644
4416	3644	4317
4469	4445	4435	3644	4093
4562	4570	4558
4740	3644
5715
5795
5405
5465	3647
5542
5558
5572
5589
5610	4093	3911	3647
5622	3842	3911	5135	4093	3647
5623	4093
5643
5724	5480
5725
5753
5760
3907
4983
5190	3838
3657
3700
3765
3790
3791
3804
3972
3973
3975
3977
3980
3983
4042
4055
4088
4089
4104
4106
4118
4131
4139
4145
4174
3796
3678
3781
4718
4765
5273	4300
5026	3675
5318
3688
3687
4096
4410
5038
3707
4075
4076
5838
3926
5651
3766
4257
4292
3822
5013
3751
4050
4051
3780	4577	4572	4583
4013
4058
4087
5526
5528
5568
5586
5665
5770
5707
4192
4406
4449	5094
3776
3828
5635
3936
3938
5051
5419
5436
5475
5566
5684
5793
5876
4436
4903
4919
4994
5030
5059
5073
3941
3924
3931	3903	3815
4060
4303
4309
4312
4333
4499
4852
5464
4417
4674
4107
5126
3835
3834
4064
3971
4185
4289
4335
4337
4494
5644
5619	3842	4093	3911
5620	3842	4093	3911
5621	3842	4093	3911
5672
4368
4143
3955
4041
4314
4379
4380
4381
4382
4383
4384
4385
4386
4387
4388
4389
4390
4391
4420
4421
4442
4173
3906
5365
4069
4119
4157
5157
5207	3911
5213
5217
5229
5254
5269
5290
5316
5332
5333
5352
5366
5367
5369	3911
5370	3911
5535	5534	3911
5536	3911
5537	5534	3911
5575
5617	3911
5618	4093	3911
5630	5533	3911
5662	3911
5741
3937
5178
3958
4012
3960
3962
4099
3964
4441	4936
4493	4536
4663
4002	3981
4025
4027
4008
4021	3999
4115
4072
4092
4170
4222
4326
4356
4453
4484
4541
4601
4613
4703
4996
4997
4329
4947
5046	4445
4077
4943	4776	4043
4103	4056
4101
4370	4365
4137
4180
4219
4262
4470
4534
4754
4782
4843	4093
4887
4898
4944
4968	4093
5029
5116
5134	4093
5186
5211	4093
5252	4093
5353	4093
5355	4093
5500	4093
5624	4093
5629	4093
5718
4179
4188
4223
4228
4248
4353	4116
4446
4483	4482
4540
4558	4562
4708
4716
4724
4870
4961	4153	4162
5400
5403
5511	5515
4126
4785
5267
5547	5832	5819	4124
5777
5812
5819	5547
5820
5826
5827
5828
5829
5835
5839
5871
4536	4493
5521
4168
4193	4598
5359	4136
4237
4243
4263
5092
4177
4894
4596
4204
4287
5855
4452
4548	4565	4640	4373
4647	4570
4817
4399
4684
4739	4520
4850
5070
5265
5275
5376
5496
5499	5379
5577
5781
5865
4454
4709
4842
4844
4845
4375
4700	4224
4704	4224
4318
4884
5189
5199
5593
4665
4641
4889	4892
4440	4428
5036
4607
4957
5413
5461
5570
4748
4311
5150
4433
4465
4532	4467
4568
4400
4409
4412
4500
4528
4535
4871
4904
4426
4755	4753
4348
4425
4423
4566	4373
4648	4373
4649
4411
4790
5573
4504
4781
5102
5779
4564
4616
4439
4567	4444	4565
4948	4897	4445
5091
5596	4445
5757
5764	4445
5775	4445
5778	4445
5814
5852	4445
5853	4445
5854	4445
5863
4531
4460
4463	4456
4497
4645
4901
5025
5032
5053
5175
4826
4853
4926
4951
5060	4472
5243	4472
4476
4479	4477
4486	4482
5452
4492
4513
4717
4735
4743
5028
5086
5317
5685
4660
4581
4714
5027
4571
4680
4801
5200
5216
5377
5800
4839
4662	4584	4586	4618	4654	4655	4659	4599
4615	4594
4603	4598
4676
4757
4789
5127	5103
5410
4661
4883
5345
4719
4720
4721
4841	5270
4856
4857
4858
4859
4860
4861
4862
4863
4866
4868
4885
4911
4751
4964
4741	4706
4756
4758
5152
4909	4766
4778
5583
5598
5634
5636
4772
4810	4784
4794	4792
4803
4891
4797	4796
4812
4908
4809
5540
5705
5525
5398
5504
5516
5682
5789
4838
4840
4867
4877
5012
4890
4935
4967
4993
4913
4998
4940
5158
4941
4958
4969
5597
5393
5034
5035
5424
5638
5107	5105	5106	5101
5149
5556
5627
5657
5731
5799
5817
5818
5834
5843
5146	5145	5147	5143
5154
5326
5341
5351
5185
5197
5209
5218
5271	5219
5277	5219
5278	5219
5462
5266
5384	5270	5383
5607
5344
5321
5327
5330
5788
5371
5807
5322
5323
5363
5776
5541
5844
5422
5423
5498
5486
5487
5488
5489
5490
5401
5543
5502
5719
5792
5471
5612
5655
5453	5426
5702	5430
5451	5434
5578
5669
5614
5460	5625
5467
5726
5626
5567
5552
5553
5716
5714
5539
5580
5588
5591
5606
5615
5616
5652
5674	5513	5683
5555
5717
5559
5561
5564
5565
5631
5538	5534
5554
5576
5658
5574
5680
5611
5653
5690
5691
5562
5587
5646
5728
5671
5686	5683
5701
5879
5727
5783
5784
5785
5786
5787
5740
5765
5836
5873
5831
5837
5847
5878
5877
